<?xml version="1.0" encoding="UTF-8"?>
<GenRun Id="synth_1" LaunchPart="xc7a100tcsg324-1" LaunchTime="1536465330">
  <File Type="RDS-PROPCONSTRS" Name="controller_drc_synth.rpt"/>
  <File Type="PA-TCL" Name="controller.tcl"/>
  <File Type="RDS-RDS" Name="controller.vds"/>
  <File Type="RDS-UTIL" Name="controller_utilization_synth.rpt"/>
  <File Type="RDS-UTIL-PB" Name="controller_utilization_synth.pb"/>
  <File Type="RDS-DCP" Name="controller.dcp"/>
  <File Type="VDS-TIMINGSUMMARY" Name="controller_timing_summary_synth.rpt"/>
  <File Type="VDS-TIMING-PB" Name="controller_timing_summary_synth.pb"/>
  <FileSet Name="sources" Type="DesignSrcs" RelSrcDir="$PSRCDIR/sources_1">
    <Filter Type="Srcs"/>
    <File Path="$PSRCDIR/sources_1/new/AES.v">
      <FileInfo>
        <Attr Name="UsedIn" Val="synthesis"/>
        <Attr Name="UsedIn" Val="implementation"/>
        <Attr Name="UsedIn" Val="simulation"/>
      </FileInfo>
    </File>
    <File Path="$PSRCDIR/sources_1/imports/AES_128_final.srcs/sources_1/imports/files/AES_128.v">
      <FileInfo>
        <Attr Name="ImportPath" Val="$PPRDIR/../../../Academics/Hardware Security 2/Project/AES_128_final/AES_128_final.srcs/sources_1/imports/files/AES_128.v"/>
        <Attr Name="ImportTime" Val="1518399690"/>
        <Attr Name="UsedIn" Val="synthesis"/>
        <Attr Name="UsedIn" Val="implementation"/>
        <Attr Name="UsedIn" Val="simulation"/>
      </FileInfo>
    </File>
    <File Path="$PSRCDIR/sources_1/imports/AES_128_final.srcs/sources_1/imports/files/ByteSub.v">
      <FileInfo>
        <Attr Name="ImportPath" Val="$PPRDIR/../../../Academics/Hardware Security 2/Project/AES_128_final/AES_128_final.srcs/sources_1/imports/files/ByteSub.v"/>
        <Attr Name="ImportTime" Val="1518388031"/>
        <Attr Name="UsedIn" Val="synthesis"/>
        <Attr Name="UsedIn" Val="implementation"/>
        <Attr Name="UsedIn" Val="simulation"/>
      </FileInfo>
    </File>
    <File Path="$PSRCDIR/sources_1/imports/AES_128_final.srcs/sources_1/imports/files/Final_round.v">
      <FileInfo>
        <Attr Name="ImportPath" Val="$PPRDIR/../../../Academics/Hardware Security 2/Project/AES_128_final/AES_128_final.srcs/sources_1/imports/files/Final_round.v"/>
        <Attr Name="ImportTime" Val="1518397414"/>
        <Attr Name="UsedIn" Val="synthesis"/>
        <Attr Name="UsedIn" Val="implementation"/>
        <Attr Name="UsedIn" Val="simulation"/>
      </FileInfo>
    </File>
    <File Path="$PSRCDIR/sources_1/imports/AES_128_final.srcs/sources_1/imports/files/KeyAddFinal.v">
      <FileInfo>
        <Attr Name="ImportPath" Val="$PPRDIR/../../../Academics/Hardware Security 2/Project/AES_128_final/AES_128_final.srcs/sources_1/imports/files/KeyAddFinal.v"/>
        <Attr Name="ImportTime" Val="1518378561"/>
        <Attr Name="UsedIn" Val="synthesis"/>
        <Attr Name="UsedIn" Val="implementation"/>
        <Attr Name="UsedIn" Val="simulation"/>
      </FileInfo>
    </File>
    <File Path="$PSRCDIR/sources_1/imports/AES_128_final.srcs/sources_1/imports/files/Round.v">
      <FileInfo>
        <Attr Name="ImportPath" Val="$PPRDIR/../../../Academics/Hardware Security 2/Project/AES_128_final/AES_128_final.srcs/sources_1/imports/files/Round.v"/>
        <Attr Name="ImportTime" Val="1518399685"/>
        <Attr Name="UsedIn" Val="synthesis"/>
        <Attr Name="UsedIn" Val="implementation"/>
        <Attr Name="UsedIn" Val="simulation"/>
      </FileInfo>
    </File>
    <File Path="$PSRCDIR/sources_1/imports/AES_128_final.srcs/sources_1/imports/files/Sbox.v">
      <FileInfo>
        <Attr Name="ImportPath" Val="$PPRDIR/../../../Academics/Hardware Security 2/Project/AES_128_final/AES_128_final.srcs/sources_1/imports/files/Sbox.v"/>
        <Attr Name="ImportTime" Val="1518385074"/>
        <Attr Name="UsedIn" Val="synthesis"/>
        <Attr Name="UsedIn" Val="implementation"/>
        <Attr Name="UsedIn" Val="simulation"/>
      </FileInfo>
    </File>
    <File Path="$PSRCDIR/sources_1/imports/AES_128_final.srcs/sources_1/imports/files/g.v">
      <FileInfo>
        <Attr Name="ImportPath" Val="$PPRDIR/../../../Academics/Hardware Security 2/Project/AES_128_final/AES_128_final.srcs/sources_1/imports/files/g.v"/>
        <Attr Name="ImportTime" Val="1517879409"/>
        <Attr Name="UsedIn" Val="synthesis"/>
        <Attr Name="UsedIn" Val="implementation"/>
        <Attr Name="UsedIn" Val="simulation"/>
      </FileInfo>
    </File>
    <File Path="$PSRCDIR/sources_1/imports/AES_128_final.srcs/sources_1/imports/files/keyAdd.v">
      <FileInfo>
        <Attr Name="ImportPath" Val="$PPRDIR/../../../Academics/Hardware Security 2/Project/AES_128_final/AES_128_final.srcs/sources_1/imports/files/keyAdd.v"/>
        <Attr Name="ImportTime" Val="1518375970"/>
        <Attr Name="UsedIn" Val="synthesis"/>
        <Attr Name="UsedIn" Val="implementation"/>
        <Attr Name="UsedIn" Val="simulation"/>
      </FileInfo>
    </File>
    <File Path="$PSRCDIR/sources_1/imports/AES_128_final.srcs/sources_1/imports/files/mix_col.v">
      <FileInfo>
        <Attr Name="ImportPath" Val="$PPRDIR/../../../Academics/Hardware Security 2/Project/AES_128_final/AES_128_final.srcs/sources_1/imports/files/mix_col.v"/>
        <Attr Name="ImportTime" Val="1518377414"/>
        <Attr Name="UsedIn" Val="synthesis"/>
        <Attr Name="UsedIn" Val="implementation"/>
        <Attr Name="UsedIn" Val="simulation"/>
      </FileInfo>
    </File>
    <File Path="$PSRCDIR/sources_1/imports/AES_128_final.srcs/sources_1/imports/files/subKey.v">
      <FileInfo>
        <Attr Name="ImportPath" Val="$PPRDIR/../../../Academics/Hardware Security 2/Project/AES_128_final/AES_128_final.srcs/sources_1/imports/files/subKey.v"/>
        <Attr Name="ImportTime" Val="1517879381"/>
        <Attr Name="UsedIn" Val="synthesis"/>
        <Attr Name="UsedIn" Val="implementation"/>
        <Attr Name="UsedIn" Val="simulation"/>
      </FileInfo>
    </File>
    <File Path="$PSRCDIR/sources_1/imports/Downloads/uart.v">
      <FileInfo>
        <Attr Name="ImportPath" Val="$PPRDIR/../../../Academics/Hardware Security 2/Project/project_5/project_5.srcs/sources_1/imports/Downloads/uart.v"/>
        <Attr Name="ImportTime" Val="1519778555"/>
        <Attr Name="UsedIn" Val="synthesis"/>
        <Attr Name="UsedIn" Val="implementation"/>
        <Attr Name="UsedIn" Val="simulation"/>
      </FileInfo>
    </File>
    <File Path="$PSRCDIR/sources_1/imports/Downloads/controller.v">
      <FileInfo>
        <Attr Name="ImportPath" Val="$PPRDIR/../../../../../Downloads/controller.v"/>
        <Attr Name="ImportTime" Val="1520020594"/>
        <Attr Name="UsedIn" Val="synthesis"/>
        <Attr Name="UsedIn" Val="implementation"/>
        <Attr Name="UsedIn" Val="simulation"/>
      </FileInfo>
    </File>
    <Config>
      <Option Name="DesignMode" Val="RTL"/>
      <Option Name="TopModule" Val="controller"/>
      <Option Name="TopAutoSet" Val="TRUE"/>
    </Config>
  </FileSet>
  <FileSet Name="constrs_in" Type="Constrs" RelSrcDir="$PSRCDIR/constrs_1">
    <Filter Type="Constrs"/>
    <File Path="$PSRCDIR/constrs_1/imports/Downloads/my.xdc">
      <FileInfo>
        <Attr Name="ImportPath" Val="$PPRDIR/../../../Academics/Hardware Security 2/Project/project_5/project_5.srcs/constrs_1/imports/Downloads/my.xdc"/>
        <Attr Name="ImportTime" Val="1519932028"/>
        <Attr Name="UsedIn" Val="synthesis"/>
        <Attr Name="UsedIn" Val="implementation"/>
      </FileInfo>
    </File>
    <Config>
      <Option Name="ConstrsType" Val="XDC"/>
    </Config>
  </FileSet>
  <Strategy Version="1" Minor="2">
    <StratHandle Name="Vivado Synthesis Defaults" Flow="Vivado Synthesis 2017"/>
    <Step Id="synth_design"/>
  </Strategy>
</GenRun>
