<?xml version="1.0" encoding="UTF-8"?>
<GenRun Id="impl_1" LaunchPart="xc7a100tcsg324-1" LaunchTime="1536465457">
  <File Type="PWROPT-DRC" Name="controller_drc_pwropted.rpt"/>
  <File Type="OPT-METHODOLOGY-DRC" Name="controller_methodology_drc_opted.rpt"/>
  <File Type="INIT-TIMING" Name="controller_timing_summary_init.rpt"/>
  <File Type="ROUTE-PWR-RPX" Name="controller_power_routed.rpx"/>
  <File Type="PA-TCL" Name="controller.tcl"/>
  <File Type="OPT-HWDEF" Name="controller.hwdef"/>
  <File Type="RDI-RDI" Name="controller.vdi"/>
  <File Type="OPT-DCP" Name="controller_opt.dcp"/>
  <File Type="OPT-DRC" Name="controller_drc_opted.rpt"/>
  <File Type="OPT-TIMING" Name="controller_timing_summary_opted.rpt"/>
  <File Type="PWROPT-DCP" Name="controller_pwropt.dcp"/>
  <File Type="PWROPT-TIMING" Name="controller_timing_summary_pwropted.rpt"/>
  <File Type="PLACE-DCP" Name="controller_placed.dcp"/>
  <File Type="PLACE-IO" Name="controller_io_placed.rpt"/>
  <File Type="PLACE-CLK" Name="controller_clock_utilization_placed.rpt"/>
  <File Type="PLACE-UTIL" Name="controller_utilization_placed.rpt"/>
  <File Type="PLACE-UTIL-PB" Name="controller_utilization_placed.pb"/>
  <File Type="PLACE-CTRL" Name="controller_control_sets_placed.rpt"/>
  <File Type="PLACE-SIMILARITY" Name="controller_incremental_reuse_placed.rpt"/>
  <File Type="PLACE-PRE-SIMILARITY" Name="controller_incremental_reuse_pre_placed.rpt"/>
  <File Type="PLACE-TIMING" Name="controller_timing_summary_placed.rpt"/>
  <File Type="POSTPLACE-PWROPT-DCP" Name="controller_postplace_pwropt.dcp"/>
  <File Type="POSTPLACE-PWROPT-TIMING" Name="controller_timing_summary_postplace_pwropted.rpt"/>
  <File Type="PHYSOPT-DCP" Name="controller_physopt.dcp"/>
  <File Type="PHYSOPT-DRC" Name="controller_drc_physopted.rpt"/>
  <File Type="PHYSOPT-TIMING" Name="controller_timing_summary_physopted.rpt"/>
  <File Type="ROUTE-ERROR-DCP" Name="controller_routed_error.dcp"/>
  <File Type="ROUTE-DCP" Name="controller_routed.dcp"/>
  <File Type="ROUTE-BLACKBOX-DCP" Name="controller_routed_bb.dcp"/>
  <File Type="ROUTE-DRC" Name="controller_drc_routed.rpt"/>
  <File Type="ROUTE-DRC-PB" Name="controller_drc_routed.pb"/>
  <File Type="BG-BIN" Name="controller.bin"/>
  <File Type="ROUTE-DRC-RPX" Name="controller_drc_routed.rpx"/>
  <File Type="BG-DRC" Name="controller.drc"/>
  <File Type="ROUTE-METHODOLOGY-DRC" Name="controller_methodology_drc_routed.rpt"/>
  <File Type="BITSTR-MSK" Name="controller.msk"/>
  <File Type="ROUTE-METHODOLOGY-DRC-RPX" Name="controller_methodology_drc_routed.rpx"/>
  <File Type="BG-BGN" Name="controller.bgn"/>
  <File Type="ROUTE-METHODOLOGY-DRC-PB" Name="controller_methodology_drc_routed.pb"/>
  <File Type="ROUTE-PWR" Name="controller_power_routed.rpt"/>
  <File Type="ROUTE-PWR-SUM" Name="controller_power_summary_routed.pb"/>
  <File Type="ROUTE-STATUS" Name="controller_route_status.rpt"/>
  <File Type="ROUTE-STATUS-PB" Name="controller_route_status.pb"/>
  <File Type="ROUTE-TIMINGSUMMARY" Name="controller_timing_summary_routed.rpt"/>
  <File Type="ROUTE-TIMING-PB" Name="controller_timing_summary_routed.pb"/>
  <File Type="ROUTE-TIMING-RPX" Name="controller_timing_summary_routed.rpx"/>
  <File Type="ROUTE-SIMILARITY" Name="controller_incremental_reuse_routed.rpt"/>
  <File Type="ROUTE-CLK" Name="controller_clock_utilization_routed.rpt"/>
  <File Type="POSTROUTE-PHYSOPT-DCP" Name="controller_postroute_physopt.dcp"/>
  <File Type="POSTROUTE-PHYSOPT-BLACKBOX-DCP" Name="controller_postroute_physopt_bb.dcp"/>
  <File Type="POSTROUTE-PHYSOPT-TIMING" Name="controller_timing_summary_postroute_physopted.rpt"/>
  <File Type="POSTROUTE-PHYSOPT-TIMING-PB" Name="controller_timing_summary_postroute_physopted.pb"/>
  <File Type="POSTROUTE-PHYSOPT-TIMING-RPX" Name="controller_timing_summary_postroute_physopted.rpx"/>
  <File Type="BG-BIT" Name="controller.bit"/>
  <File Type="BITSTR-RBT" Name="controller.rbt"/>
  <File Type="BITSTR-NKY" Name="controller.nky"/>
  <File Type="BITSTR-BMM" Name="controller_bd.bmm"/>
  <File Type="BITSTR-MMI" Name="controller.mmi"/>
  <File Type="BITSTR-SYSDEF" Name="controller.sysdef"/>
  <File Type="WBT-USG" Name="usage_statistics_webtalk.html"/>
  <FileSet Name="sources" Type="DesignSrcs" RelSrcDir="$PSRCDIR/sources_1">
    <Filter Type="Srcs"/>
    <File Path="$PSRCDIR/sources_1/new/AES.v">
      <FileInfo>
        <Attr Name="UsedIn" Val="synthesis"/>
        <Attr Name="UsedIn" Val="implementation"/>
        <Attr Name="UsedIn" Val="simulation"/>
      </FileInfo>
    </File>
    <File Path="$PSRCDIR/sources_1/imports/AES_128_final.srcs/sources_1/imports/files/AES_128.v">
      <FileInfo>
        <Attr Name="ImportPath" Val="$PPRDIR/../../../Academics/Hardware Security 2/Project/AES_128_final/AES_128_final.srcs/sources_1/imports/files/AES_128.v"/>
        <Attr Name="ImportTime" Val="1518399690"/>
        <Attr Name="UsedIn" Val="synthesis"/>
        <Attr Name="UsedIn" Val="implementation"/>
        <Attr Name="UsedIn" Val="simulation"/>
      </FileInfo>
    </File>
    <File Path="$PSRCDIR/sources_1/imports/AES_128_final.srcs/sources_1/imports/files/ByteSub.v">
      <FileInfo>
        <Attr Name="ImportPath" Val="$PPRDIR/../../../Academics/Hardware Security 2/Project/AES_128_final/AES_128_final.srcs/sources_1/imports/files/ByteSub.v"/>
        <Attr Name="ImportTime" Val="1518388031"/>
        <Attr Name="UsedIn" Val="synthesis"/>
        <Attr Name="UsedIn" Val="implementation"/>
        <Attr Name="UsedIn" Val="simulation"/>
      </FileInfo>
    </File>
    <File Path="$PSRCDIR/sources_1/imports/AES_128_final.srcs/sources_1/imports/files/Final_round.v">
      <FileInfo>
        <Attr Name="ImportPath" Val="$PPRDIR/../../../Academics/Hardware Security 2/Project/AES_128_final/AES_128_final.srcs/sources_1/imports/files/Final_round.v"/>
        <Attr Name="ImportTime" Val="1518397414"/>
        <Attr Name="UsedIn" Val="synthesis"/>
        <Attr Name="UsedIn" Val="implementation"/>
        <Attr Name="UsedIn" Val="simulation"/>
      </FileInfo>
    </File>
    <File Path="$PSRCDIR/sources_1/imports/AES_128_final.srcs/sources_1/imports/files/KeyAddFinal.v">
      <FileInfo>
        <Attr Name="ImportPath" Val="$PPRDIR/../../../Academics/Hardware Security 2/Project/AES_128_final/AES_128_final.srcs/sources_1/imports/files/KeyAddFinal.v"/>
        <Attr Name="ImportTime" Val="1518378561"/>
        <Attr Name="UsedIn" Val="synthesis"/>
        <Attr Name="UsedIn" Val="implementation"/>
        <Attr Name="UsedIn" Val="simulation"/>
      </FileInfo>
    </File>
    <File Path="$PSRCDIR/sources_1/imports/AES_128_final.srcs/sources_1/imports/files/Round.v">
      <FileInfo>
        <Attr Name="ImportPath" Val="$PPRDIR/../../../Academics/Hardware Security 2/Project/AES_128_final/AES_128_final.srcs/sources_1/imports/files/Round.v"/>
        <Attr Name="ImportTime" Val="1518399685"/>
        <Attr Name="UsedIn" Val="synthesis"/>
        <Attr Name="UsedIn" Val="implementation"/>
        <Attr Name="UsedIn" Val="simulation"/>
      </FileInfo>
    </File>
    <File Path="$PSRCDIR/sources_1/imports/AES_128_final.srcs/sources_1/imports/files/Sbox.v">
      <FileInfo>
        <Attr Name="ImportPath" Val="$PPRDIR/../../../Academics/Hardware Security 2/Project/AES_128_final/AES_128_final.srcs/sources_1/imports/files/Sbox.v"/>
        <Attr Name="ImportTime" Val="1518385074"/>
        <Attr Name="UsedIn" Val="synthesis"/>
        <Attr Name="UsedIn" Val="implementation"/>
        <Attr Name="UsedIn" Val="simulation"/>
      </FileInfo>
    </File>
    <File Path="$PSRCDIR/sources_1/imports/AES_128_final.srcs/sources_1/imports/files/g.v">
      <FileInfo>
        <Attr Name="ImportPath" Val="$PPRDIR/../../../Academics/Hardware Security 2/Project/AES_128_final/AES_128_final.srcs/sources_1/imports/files/g.v"/>
        <Attr Name="ImportTime" Val="1517879409"/>
        <Attr Name="UsedIn" Val="synthesis"/>
        <Attr Name="UsedIn" Val="implementation"/>
        <Attr Name="UsedIn" Val="simulation"/>
      </FileInfo>
    </File>
    <File Path="$PSRCDIR/sources_1/imports/AES_128_final.srcs/sources_1/imports/files/keyAdd.v">
      <FileInfo>
        <Attr Name="ImportPath" Val="$PPRDIR/../../../Academics/Hardware Security 2/Project/AES_128_final/AES_128_final.srcs/sources_1/imports/files/keyAdd.v"/>
        <Attr Name="ImportTime" Val="1518375970"/>
        <Attr Name="UsedIn" Val="synthesis"/>
        <Attr Name="UsedIn" Val="implementation"/>
        <Attr Name="UsedIn" Val="simulation"/>
      </FileInfo>
    </File>
    <File Path="$PSRCDIR/sources_1/imports/AES_128_final.srcs/sources_1/imports/files/mix_col.v">
      <FileInfo>
        <Attr Name="ImportPath" Val="$PPRDIR/../../../Academics/Hardware Security 2/Project/AES_128_final/AES_128_final.srcs/sources_1/imports/files/mix_col.v"/>
        <Attr Name="ImportTime" Val="1518377414"/>
        <Attr Name="UsedIn" Val="synthesis"/>
        <Attr Name="UsedIn" Val="implementation"/>
        <Attr Name="UsedIn" Val="simulation"/>
      </FileInfo>
    </File>
    <File Path="$PSRCDIR/sources_1/imports/AES_128_final.srcs/sources_1/imports/files/subKey.v">
      <FileInfo>
        <Attr Name="ImportPath" Val="$PPRDIR/../../../Academics/Hardware Security 2/Project/AES_128_final/AES_128_final.srcs/sources_1/imports/files/subKey.v"/>
        <Attr Name="ImportTime" Val="1517879381"/>
        <Attr Name="UsedIn" Val="synthesis"/>
        <Attr Name="UsedIn" Val="implementation"/>
        <Attr Name="UsedIn" Val="simulation"/>
      </FileInfo>
    </File>
    <File Path="$PSRCDIR/sources_1/imports/Downloads/uart.v">
      <FileInfo>
        <Attr Name="ImportPath" Val="$PPRDIR/../../../Academics/Hardware Security 2/Project/project_5/project_5.srcs/sources_1/imports/Downloads/uart.v"/>
        <Attr Name="ImportTime" Val="1519778555"/>
        <Attr Name="UsedIn" Val="synthesis"/>
        <Attr Name="UsedIn" Val="implementation"/>
        <Attr Name="UsedIn" Val="simulation"/>
      </FileInfo>
    </File>
    <File Path="$PSRCDIR/sources_1/imports/Downloads/controller.v">
      <FileInfo>
        <Attr Name="ImportPath" Val="$PPRDIR/../../../../../Downloads/controller.v"/>
        <Attr Name="ImportTime" Val="1520020594"/>
        <Attr Name="UsedIn" Val="synthesis"/>
        <Attr Name="UsedIn" Val="implementation"/>
        <Attr Name="UsedIn" Val="simulation"/>
      </FileInfo>
    </File>
    <Config>
      <Option Name="DesignMode" Val="RTL"/>
      <Option Name="TopModule" Val="controller"/>
      <Option Name="TopAutoSet" Val="TRUE"/>
    </Config>
  </FileSet>
  <FileSet Name="constrs_in" Type="Constrs" RelSrcDir="$PSRCDIR/constrs_1">
    <Filter Type="Constrs"/>
    <File Path="$PSRCDIR/constrs_1/imports/Downloads/my.xdc">
      <FileInfo>
        <Attr Name="ImportPath" Val="$PPRDIR/../../../Academics/Hardware Security 2/Project/project_5/project_5.srcs/constrs_1/imports/Downloads/my.xdc"/>
        <Attr Name="ImportTime" Val="1519932028"/>
        <Attr Name="UsedIn" Val="synthesis"/>
        <Attr Name="UsedIn" Val="implementation"/>
      </FileInfo>
    </File>
    <Config>
      <Option Name="ConstrsType" Val="XDC"/>
    </Config>
  </FileSet>
  <Strategy Version="1" Minor="2">
    <StratHandle Name="Vivado Implementation Defaults" Flow="Vivado Implementation 2017"/>
    <Step Id="init_design"/>
    <Step Id="opt_design"/>
    <Step Id="power_opt_design"/>
    <Step Id="place_design"/>
    <Step Id="post_place_power_opt_design"/>
    <Step Id="phys_opt_design"/>
    <Step Id="route_design"/>
    <Step Id="post_route_phys_opt_design"/>
    <Step Id="write_bitstream"/>
  </Strategy>
</GenRun>
